,nn_1,nn_2,nn_3
0,-0.6355205695106967,-0.26238608558740006,-24.476692609100365
