,nn_1,nn_2,nn_3
0,-0.28385836659682906,-3.975956173250214,-0.25833707193684785
